{
  "temperature": {{ .Temp }},
  "conncount": {{ .NfConnCount }},
  "connmax": {{ .NfConnMax }},
  "memory": {
    "buffered": {{ .BufferedMem }},
    "total": {{ .TotalMem }},
    "shared": {{ .SharedMem }},
    "free": {{ .FreeMem }}
  },
  "swap": {
    "total": {{ .Swaptotal }},
    "free": {{ .Swapfree }},
    "cached": {{ .Swapcached }}
  },
  "sys_disk": {
    "total": "{{ .SysDiskTotal }}",
    "used": "{{ .SysDiskUsed }}",
    "used_percent": "{{ .SysDiskUsedPercent }}"
  },
  "uptime": {{ .UpTime }},
  "wifinets": [
    {
      "device": "radio0",
      "networks": [
        {
          "ifname": "radio0.network1",
          "disabled": true,
          "encryption": "-",
          "mode": "Client",
          "quality": 0,
          "noise": 0,
          "ssid": "HacklogDashboard",
          "link": "#",
          "assoclist": [],
          "txpoweroff": 0,
          "txpower": 0,
          "name": "Client \"HacklogDashboard\"",
          "country": "00",
          "up": false,
          "signal": 0
        }
      ],
      "name": "Generic 802.11ac Wireless Controller (radio0)",
      "up": false
    }
  ],
  "wan": {
    "proto": "{{ .Proto }}",
    "ipaddr": "{{ .Ipaddr }}",
    "link": "#",
    "netmask": "{{ .Netmask }}",
    "gwaddr": "{{ .Gateway }}",
    "receive": "{{ .Receive }}",
    "transmit": "{{ .Transmit }}",
    "ifname": "eth0",
    "dns": [
      "{{ .Dns }}"
    ]
  },
  "wan6": {
    "proto": "{{ .Proto }}",
    "ip6addr": "{{ .Ip6addr }}",
    "ip6prefix": "",
    "link": "#",
    "net6mask": "{{ .Netmask6 }}",
    "gw6addr": "{{ .Gateway6 }}",
    "receive": "{{ .Receive6 }}",
    "transmit": "{{ .Transmit6 }}",
    "ifname": "eth0",
    "dns": [
      "{{ .Dns6 }}"
    ]
  },
  "localtime": "{{ .LocalTime }}",
  "freq": "{{ .Freq }}",
  "loadavg": [
    {{ .LoadInfo.Load1 }},
    {{ .LoadInfo.Load5 }},
    {{ .LoadInfo.Load15 }}
  ]
}